-- --------------------------------------------------------
-- Host:                         81.31.151.15
-- Server version:               10.3.27-MariaDB-log - MariaDB Server
-- Server OS:                    Linux
-- HeidiSQL Version:             11.2.0.6213
-- --------------------------------------------------------

/*!40101 SET @OLD_CHARACTER_SET_CLIENT=@@CHARACTER_SET_CLIENT */;
/*!40101 SET NAMES utf8 */;
/*!50503 SET NAMES utf8mb4 */;
/*!40014 SET @OLD_FOREIGN_KEY_CHECKS=@@FOREIGN_KEY_CHECKS, FOREIGN_KEY_CHECKS=0 */;
/*!40101 SET @OLD_SQL_MODE=@@SQL_MODE, SQL_MODE='NO_AUTO_VALUE_ON_ZERO' */;
/*!40111 SET @OLD_SQL_NOTES=@@SQL_NOTES, SQL_NOTES=0 */;


-- Dumping database structure for interna5_consuspec
CREATE DATABASE IF NOT EXISTS `interna5_consuspec` /*!40100 DEFAULT CHARACTER SET utf8 */;
USE `interna5_consuspec`;

-- Dumping structure for table interna5_consuspec.consulente
CREATE TABLE IF NOT EXISTS `consulente` (
  `id` int(11) NOT NULL AUTO_INCREMENT,
  `consulente` varchar(50) CHARACTER SET latin1 NOT NULL,
  `specializzazioni` longtext NOT NULL,
  `input` longtext NOT NULL,
  PRIMARY KEY (`id`)
) ENGINE=InnoDB AUTO_INCREMENT=900 DEFAULT CHARSET=utf8;

-- Dumping data for table interna5_consuspec.consulente: ~693 rows (approximately)
/*!40000 ALTER TABLE `consulente` DISABLE KEYS */;
INSERT INTO `consulente` (`id`, `consulente`, `specializzazioni`, `input`) VALUES
	(142, '43', '2', 'Curatore fallimentare'),
	(143, '43', '3', 'Consulente'),
	(144, '43', '2', 'Assistente in processi per bancarotta'),
	(145, '43', '2', 'Ristrutturazioni aziendali'),
	(146, '44', '7', 'Bilancio principi contabili e revisione'),
	(147, '44', '9', 'Governance e controllo societario'),
	(148, '44', '2', 'Procedure concorsuali e risanamento d’impresa'),
	(149, '44', '3', 'Iscrizione gestore delle crisi da sovraindebitamento '),
	(150, '44', '2', 'Ministero della Giustizia'),
	(151, '44', '3', 'Amministrazione azienda'),
	(152, '44', '3', 'Programmazione, controllo e finanza d’azienda'),
	(153, '45', '7', 'Finanza strutturata'),
	(154, '45', '9', 'Wealth Management'),
	(155, '45', '2', 'Quotazione in borsa'),
	(156, '45', '10', 'M&A Advisory'),
	(157, '45', '11', ' Ministero della Giustizia'),
	(158, '45', '12', 'Consulenza normativo legale specialistica (es. contenzioso, passagio generazionale…)'),
	(159, '45', '13', 'Finanza agevolata'),
	(160, '45', '14', 'Sicurezza sul lavoro'),
	(161, '45', '9', 'Certificazioni ambientali/ISO'),
	(162, '45', '3', 'Consulenza IT/digital'),
	(163, '45', '3', 'Consulenza manageriale'),
	(164, '45', '3', 'Consulenza di produzione'),
	(165, '45', '11', 'Internazionalizzazione'),
	(166, '45', '12', 'GDPR, 231'),
	(167, '45', '7', 'Bilancio sostenibile'),
	(168, '46', '13', 'Credito imposta ricerca e sviluppo'),
	(169, '46', '9', 'Enti terzo settore'),
	(170, '47', '7', 'Dottore commercialista'),
	(171, '47', '15', 'Controllo di gestione'),
	(172, '47', '3', 'Formazione'),
	(176, '49', '13', 'Credito d’imposta, R&S, pubblicità, formazione 4.0'),
	(177, '49', '13', 'Finanza agevolata'),
	(178, '49', '13', 'Financial resources manager'),
	(179, '50', '14', 'Consulenza del personale'),
	(180, '50', '3', 'Controllo di gestione'),
	(181, '50', '13', 'Consulenza finanziamenti agevolati'),
	(182, '50', '15', 'Consulenza aziendale'),
	(183, '51', '3', 'Consulenza aziendale e societaria'),
	(184, '51', '16', 'Consulenza tributaria'),
	(185, '51', '3', 'Redazione di business plan'),
	(186, '51', '3', 'Controllo di gestione aziendale'),
	(187, '52', '2', 'Crisi di impresa'),
	(188, '52', '3', 'Consulenza societaria'),
	(189, '52', '16', 'Consulenza contabile'),
	(190, '53', '3', 'Consulenza strategica d’impresa (balanced scorecard)'),
	(191, '53', '14', 'Medico aziendale (analisi, cura, prevenzione)'),
	(192, '53', '3', 'Innovazione e ricerca e sviluppo aziendale'),
	(193, '53', '3', 'Innovation manager iscritto al MISE'),
	(195, '54', '16', 'Contenzioso tributario'),
	(197, '55', '', ''),
	(198, '56', '', ''),
	(199, '57', '3', 'Controllo di Gestione e Consulenza aziendale'),
	(200, '57', '9', 'Diritto societario'),
	(201, '57', '10', 'Gestioni straordinarie e ordinarie'),
	(202, '57', '12', 'Revisone legale e sistemi 231'),
	(203, '58', '2', 'Ristrutturazione e gestione debitorie.'),
	(218, '61', '', ''),
	(219, '62', '', ''),
	(220, '63', '3', 'Controllo di gestione e consulenza aziendale'),
	(221, '63', '11', 'Internazionalizzazione'),
	(226, '65', '3', 'Consulenza performance aziendali'),
	(227, '65', '7', 'Bilanci periodici di controllo'),
	(228, '65', '3', 'Controllo di gestione'),
	(229, '65', '3', 'Monitoraggio aziendale'),
	(230, '65', '13', 'Finanza agevolata'),
	(231, '66', '14', 'Senior Consulente del lavoro'),
	(232, '66', '12', 'Fiscalista'),
	(233, '66', '12', 'Revisore Fiscale'),
	(234, '67', '12', 'Senior Revisore Legale'),
	(235, '67', '3', 'Senior Consulente di direzione'),
	(236, '67', '10', 'Esperto in operazioni straordinarie'),
	(237, '68', '3', 'Controllo di gestione e consulenza aziendale'),
	(238, '68', '7', 'Bilancio e valutazioni d’azienda'),
	(239, '68', '9', 'Diritto societario'),
	(240, '68', '16', 'Tributario e contenzioso'),
	(241, '68', '9', 'Contratti d impresa'),
	(243, '70', '3', 'Controllo di gestione'),
	(244, '70', '16', 'Fisco'),
	(246, '72', '3', 'Controllo di gestione '),
	(247, '72', '7', 'Valutazioni d azienda'),
	(248, '72', '7', 'Fiscalità e bilanci'),
	(249, '73', '', ''),
	(250, '74', '16', 'Assistenza ammistrativo contabile'),
	(251, '74', '16', 'Consulenza tributaria'),
	(252, '74', '12', 'Revisione bilancio'),
	(253, '74', '3', 'Riorganizzazione societaria e di gruppo'),
	(254, '74', '11', 'Consulenza fiscalità internazionale e doganale'),
	(255, '74', '3', 'Assistenza per riconoscimento autorizzazione AEO'),
	(256, '74', '12', 'Modelli organizzativi D.lgs 231/2001'),
	(257, '74', '12', 'Incarichi da O.D.V.'),
	(258, '74', '2', 'Crisi da sovraindebitamento'),
	(259, '75', '3', 'Controllo di gestione e consulenza aziendale'),
	(260, '75', '10', 'Gestioni straordinarie e ordinarie'),
	(261, '75', '7', 'Bilancio e valutazioni d azienda'),
	(263, '77', '3', 'Consulenza amministrativa  fiscale e societaria'),
	(264, '77', '12', 'Revisione legale'),
	(265, '77', '3', 'Riorganizzazione aziendale e di gruppo'),
	(266, '77', '12', 'Dlgs 231/2001 gestione ed attività organismo di vigilanza'),
	(267, '77', '2', 'Gestione della crisi da sovraindebitamento'),
	(268, '77', '11', 'Consulenza fiscalità internazionale e doganale'),
	(269, '77', '3', 'Assistenza per riconoscimento autorizzazione AEO'),
	(273, '79', '3', 'Controllo di gestione e consulenza aziendale'),
	(274, '80', '3', 'Consulenza di strategia aziendale'),
	(275, '80', '10', 'M & A'),
	(276, '80', '2', 'Ristrutturazione aziendale in genere, con specializzazione di ristrutturazione delle risorse umane'),
	(277, '80', '3', 'Business coach e mentoring aziendale'),
	(278, '80', '7', 'Analisi di bilancio e check up fiscale, pianificazione strategica volta a determinare il giusto carico fiscale'),
	(279, '81', '2', 'Ristrutturazione debiti e diritto fallimentare'),
	(280, '81', '3', 'Controllo di gestione e consulenza aziendale'),
	(281, '81', '10', 'Gestioni straordinarie e ordinarie'),
	(282, '81', '7', 'Bilancio e valutazioni d azienda'),
	(283, '81', '16', 'Tributario e contenzioso'),
	(284, '81', '12', 'Revisione legale e sistemi 231'),
	(285, '82', '2', 'Ristrutturazione debiti e diritto fallimentare'),
	(286, '82', '3', 'Controllo di gestione e consulenza aziendale'),
	(287, '82', '9', 'Diritto societario'),
	(288, '82', '11', 'Internazionalizzazione'),
	(289, '82', '12', 'Sistemi 231'),
	(290, '82', '13', 'Finanza agevolata'),
	(291, '82', '14', 'Diritto del lavoro e previdenza'),
	(292, '83', '7', 'Commercialista'),
	(293, '83', '3', 'Controllo di gestione e consulenza aziendale'),
	(294, '83', '7', 'Bilancio e valutazioni d azienda'),
	(295, '83', '9', 'Diritto societario'),
	(296, '83', '3', 'Budget'),
	(297, '84', '10', 'Gestioni straordinarie e ordinarie'),
	(298, '84', '9', 'Diritto societario'),
	(299, '84', '7', 'Bilancio e valutazioni d azienda'),
	(300, '84', '11', 'Internazionalizzazione'),
	(301, '84', '12', 'Sistemi 231'),
	(302, '69', '3', 'Controllo gestione e consulenza aziendale'),
	(303, '69', '7', 'Bilancio e valutazione azienda'),
	(304, '69', '11', 'Internalizzazione'),
	(305, '69', '16', 'Tributario e contenzioso'),
	(306, '85', '3', 'Gestioni straordinarie e ordinarie'),
	(307, '85', '9', 'Diritto societario'),
	(308, '85', '7', 'Bilancio e valutazioni d azienda'),
	(309, '85', '16', 'Internazionalizzazione'),
	(310, '85', '12', 'Sistemi 231'),
	(311, '87', '3', 'Controllo di gestione e consulenza aziendale'),
	(312, '87', '7', 'Bilancio e valutazioni d azienda'),
	(313, '87', '9', 'Diritto societario'),
	(314, '87', '16', 'Tributario e contenzioso'),
	(316, '86', '3', 'Controllo'),
	(317, '86', '2', 'Crisi'),
	(318, '86', '10', 'Gestione straordinaria'),
	(319, '86', '3', 'Gestioni comuni'),
	(324, '57', '7', 'Bilancio e Valutazioni d Azienda'),
	(325, '65', '3', 'Consulenza strategica d impresa (balanced scorecard)'),
	(329, '94', '3', 'Consulenza aziendale e fiscale'),
	(331, '96', '', ''),
	(332, '97', '7', 'Bilancio e valutazioni d azienda'),
	(333, '97', '12', 'Revisione legale e sistemi 231'),
	(334, '97', '15', 'Clima aziendale'),
	(335, '97', '16', 'Tributario e contenzioso'),
	(336, '97', '13', 'Finanza agevolata'),
	(337, '98', '3', 'Controllo gestione e consulenza aziendale'),
	(338, '98', '7', 'Bilancio e valutazioni azienda'),
	(339, '98', '9', 'Diritto societario'),
	(340, '98', '10', 'Gestione ordinaria e straordinaria'),
	(341, '98', '16', 'Tributario e contenzioso'),
	(342, '99', '12', 'Revisore legale '),
	(343, '99', '2', 'Commissario liquidatore presso il MISE'),
	(344, '99', '2', 'Curatore fallimentare'),
	(345, '99', '2', 'Gestore della crisi da sovraindebitamento L.3/2012'),
	(346, '99', '16', 'Tributario e contenzioso'),
	(347, '99', '7', 'Gestione della contabilità e bilanci'),
	(348, '99', '16', 'Seguo enti ODV'),
	(349, '100', '9', 'Pesca e cooperative della pesca'),
	(350, '100', '9', 'Enti religiosi'),
	(351, '100', '9', 'Associazioni sportive'),
	(352, '101', '', ''),
	(353, '102', '', ''),
	(354, '103', '', ''),
	(355, '104', '3', 'Controllo gestione e consulenza aziendale'),
	(356, '104', '7', 'Bilancio e valutazioni azienda'),
	(357, '104', '9', 'Diritto societario'),
	(358, '104', '12', 'Revisione legale e sistemi 231'),
	(359, '95', '7', 'Bilancio e valutazioni d\'azienda'),
	(360, '95', '15', 'Clima aziendale'),
	(361, '95', '9', 'Diritto societario'),
	(362, '95', '11', 'Internazionalizzazione'),
	(364, '106', '3', 'Controllo gestione e consulenza aziendale'),
	(365, '106', '7', 'Bilancio e valutazioni azienda'),
	(366, '106', '10', 'Gestione ordinaria e straordinaria'),
	(367, '107', '9', 'Diritto societario'),
	(368, '107', '7', 'Bilancio e valutazioni azienda'),
	(369, '107', '10', 'Gestione ordinaria e straordinaria'),
	(370, '107', '12', 'Revisione legale e sistemi 231'),
	(371, '107', '11', 'Internazionalizzazione'),
	(372, '107', '16', 'Tributario e contenzioso'),
	(373, '108', '3', 'Controllo gestione e consulenza aziendale'),
	(374, '108', '7', 'Bilancio e valutazioni azienda'),
	(375, '108', '9', 'Diritto societario'),
	(376, '109', '3', 'Apertura e consulenza attività in Romania'),
	(377, '109', '7', 'Controllo di gestione'),
	(378, '109', '2', 'Ristrutturazione e riorganizzazione aziendale'),
	(379, '109', '3', 'Cash flow'),
	(380, '109', '3', 'Consulente strategico BSC'),
	(385, '110', '3', 'Controllo gestione e consulenza aziendale'),
	(386, '110', '10', 'Gestione ordinaria e straordinaria'),
	(387, '110', '2', 'Ristrutturazione debiti e diritto fallimentare'),
	(388, '110', '12', 'Revisione legale e sistemi 231'),
	(389, '110', '7', 'Bilancio e valutazioni azienda'),
	(390, '110', '9', 'Diritto societario'),
	(391, '110', '14', 'Dirittto del lavoro e previdenza'),
	(392, '110', '15', 'Clima aziendale'),
	(393, '111', '17', 'Consulente aziendale'),
	(394, '111', '7', 'Bilancio e valutazione d\'azienda'),
	(395, '111', '16', 'Check up fiscale'),
	(396, '111', '16', 'Pianificazione fiscale'),
	(397, '112', '7', 'Contabilità e bilancio'),
	(398, '112', '13', 'Finanza agevolata'),
	(399, '112', '17', 'Cruscotto di controllo/balanced scorecard'),
	(400, '112', '16', 'Consulenza tributaria'),
	(401, '112', '16', 'Contenzioso e precontenzioso'),
	(402, '112', '16', 'Patent Box'),
	(403, '112', '3', 'Business Plan e Piani Industriali'),
	(404, '112', '7', 'Bilanci Consolidati'),
	(405, '112', '10', 'Operazioni straordinarie'),
	(406, '112', '7', 'Valutazioni d\'azienda'),
	(407, '112', '3', 'Rapporti Banca/Impresa e valutazione del merito creditizio'),
	(408, '113', '10', 'Gestione ordinaria e straordinaria'),
	(409, '113', '7', 'Bilancio e valutazione d\'azienda'),
	(410, '113', '9', 'Diritto societario'),
	(411, '113', '16', 'Tributario e contenzioso'),
	(412, '113', '12', 'Revisione legale e sistemi 231'),
	(413, '114', '3', 'Controllo gestione e consulenza aziendale'),
	(414, '114', '7', 'Bilancio e valutazione d\'azienda'),
	(415, '114', '12', 'Revisione legale e sistemi 231'),
	(416, '115', '3', 'Controllo gestione e consulenza aziendale'),
	(417, '115', '7', 'Bilancio e valutazione d\'azienda'),
	(418, '115', '9', 'Diritto societario'),
	(419, '115', '10', 'Gestione ordinaria e straordinaria'),
	(420, '115', '12', 'Revisione legale e sistemi 231'),
	(421, '116', '16', 'Tenuta della contabilità'),
	(422, '116', '16', 'Consulenza fiscale'),
	(423, '116', '9', 'Pratiche amministrative'),
	(424, '116', '14', 'Previdenza per titolari di p.iva gestione AGO e gestione separata'),
	(425, '117', '7', 'Bilancio e dichiarazioni fiscali'),
	(426, '117', '10', 'Gestioni straordinarie e ordinarie'),
	(427, '117', '3', 'Controllo di gestione e consulenza aziendale'),
	(428, '117', '3', 'Consulenza strategica e pianificazione fiscale'),
	(429, '117', '12', 'Revisione e controllo contabile'),
	(430, '117', '13', 'Finanza agevolata'),
	(431, '118', '', ''),
	(432, '47', '13', 'Finanza Agevolata'),
	(433, '47', '12', 'Revisone legale e sistemi 231'),
	(434, '47', '11', 'Internazionalizzazione'),
	(435, '119', '3', 'Controllo di Gestione e Consulenza Aziendale'),
	(436, '119', '7', 'Bilancio e Valutazioni d\'Azienda'),
	(437, '119', '12', 'Revisione Legale'),
	(438, '119', '9', 'Diritto Societario'),
	(439, '90', '3', 'Controllo di gestione e consulenza aziendale'),
	(440, '90', '18', 'Bilancio e valutazioni d\'azienda'),
	(441, '90', '14', 'Dirittto del lavoro e previdenza'),
	(442, '90', '16', 'Tributario e contenzioso'),
	(443, '90', '12', 'Revisione legale e sistemi 231'),
	(444, '120', '3', 'Controllo gestione e consulenza aziendale'),
	(445, '120', '10', 'Gestione ordinaria e straordinaria'),
	(446, '120', '2', 'Ristrutturazione debiti e diritto fallimentare'),
	(447, '120', '12', 'Revisione legale e sistemi 231'),
	(448, '121', '16', 'Tributario e contenzioso'),
	(449, '121', '2', 'Ristrutturazione debiti e diritto fallimentare'),
	(450, '122', '', ''),
	(451, '92', '3', 'Business Plan'),
	(452, '92', '3', 'Finanza d\'impresa'),
	(453, '92', '2', 'Gestore delle Crisi da sovraindembitamento'),
	(454, '92', '12', 'Revisore legale dei conti'),
	(455, '123', '3', 'Controllo di gestione e consulenza d\'azienda'),
	(456, '123', '7', 'Bilancio e valutazione d\'zienda'),
	(457, '123', '11', 'Internazionalizzazione'),
	(458, '123', '10', 'Gestione ordinaria e straordinaria'),
	(459, '123', '16', 'Tributario e contenzioso'),
	(460, '124', '14', 'Dirittto del lavoro e previdenza'),
	(461, '124', '12', 'Revisione legale e sistemi 231'),
	(462, '124', '11', 'Internazionalizzazione'),
	(463, '125', '16', 'Tributario e contenzioso'),
	(464, '125', '3', 'Controllo di gestione e consulenza d\'azienda'),
	(465, '126', '16', 'Tributario e contenzioso'),
	(466, '126', '3', 'Controllo di gestione e consulenza d\'azienda'),
	(467, '126', '7', 'Bilancio e valutazione d\'azienda'),
	(468, '126', '10', 'Gestione ordinaria e straordinaria'),
	(469, '126', '13', 'Finanza agevolata'),
	(470, '127', '16', 'Tributario e contenzioso'),
	(471, '127', '9', 'Diritto societario'),
	(472, '127', '14', 'Dirittto del lavoro e previdenza'),
	(473, '127', '12', 'Revisione legale e sistemi 231'),
	(474, '128', '3', 'Controllo di gestione e consulenza d\'azienda'),
	(475, '128', '7', 'Bilancio e valutazione d\'azienda'),
	(476, '129', '', ''),
	(479, '105', '12', 'Revisione legale e sistemi 231'),
	(480, '105', '16', 'Tributario e contenzioso'),
	(481, '105', '13', 'Finanza agevolata'),
	(482, '131', '3', 'Controllo di gestione e consulenza d\'azienda'),
	(483, '131', '15', 'Clima aziendale'),
	(484, '131', '7', 'Bilancio e valutazione d\'azienda'),
	(485, '131', '10', 'Gestione ordinaria e straordinaria'),
	(486, '132', '3', 'Controllo di gestione e consulenza d\'azienda'),
	(487, '132', '2', 'Ristrutturazione debiti e diritto fallimentare'),
	(488, '132', '7', 'Bilancio e valutazione d\'azienda'),
	(490, '134', '16', 'Tributario e contenzioso'),
	(491, '134', '9', 'Diritto societario'),
	(492, '134', '7', 'Bilancio e valutazione d\'azienda'),
	(493, '134', '12', 'Revisione legale e sistemi 231'),
	(494, '88', '3', 'Controllo di gestione e consulenza aziendale'),
	(495, '88', '7', 'Bilancio e valutazioni d\'azienda'),
	(496, '88', '9', 'Diritto societario'),
	(497, '88', '10', 'Gestioni straordinarie e ordinarie'),
	(498, '88', '14', 'Dirittto del lavoro e previdenza'),
	(499, '88', '13', 'Finanza agevolata'),
	(500, '133', '3', 'Controllo di gestione e consulenza d\'azienda'),
	(501, '133', '7', 'Bilancio e valutazione d\'azienda'),
	(502, '133', '10', 'Gestione ordinaria e straordinaria'),
	(503, '133', '16', 'Tributario e contenzioso'),
	(504, '133', '9', 'Diritto societario'),
	(505, '136', '3', 'Controllo di gestione e consulenza d\'azienda'),
	(506, '136', '7', 'Bilancio e valutazione d\'azienda'),
	(507, '136', '12', 'Revisione legale e sistemi 231'),
	(508, '136', '2', 'Ristrutturazione debiti e diritto fallimentare'),
	(509, '138', '3', 'Controllo di gestione e consulenza d\'azienda'),
	(510, '138', '7', 'Bilancio e valutazione d\'azienda'),
	(511, '138', '16', 'Tributario e contenzioso'),
	(512, '138', '10', 'Gestione ordinaria e straordinaria'),
	(513, '138', '14', 'Dirittto del lavoro e previdenza'),
	(514, '138', '13', 'Finanza agevolata'),
	(515, '139', '3', 'Controllo di gestione e consulenza d\'azienda'),
	(516, '139', '7', 'Bilancio e valutazione d\'azienda'),
	(517, '139', '16', 'Tributario e contenzioso'),
	(518, '139', '10', 'Gestione ordinaria e straordinaria'),
	(519, '139', '14', 'Dirittto del lavoro e previdenza'),
	(520, '139', '13', 'Finanza agevolata'),
	(521, '139', '2', 'Ristrutturazione debiti e diritto fallimentare'),
	(522, '140', '3', 'Controllo di gestione e consulenza aziendale'),
	(523, '141', '3', 'Controllo di gestione e consulenza d\'azienda'),
	(524, '141', '7', 'Bilancio e valutazione d\'azienda'),
	(525, '141', '10', 'Gestione ordinaria e straordinaria'),
	(526, '141', '2', 'Ristrutturazione debiti e diritto fallimentare'),
	(527, '142', '3', 'Controllo di gestione e consulenza d\'azienda'),
	(528, '142', '16', 'Tributario e contenzioso'),
	(529, '142', '12', 'Revisione legale e sistemi 231'),
	(530, '142', '9', 'Diritto societario'),
	(531, '142', '13', 'Finanza agevolata'),
	(532, '93', '3', 'Consulenza aziendale'),
	(533, '93', '16', 'Consulenza fiscale e tributaria'),
	(534, '93', '9', 'Diritto societario'),
	(535, '93', '7', 'Bilancio e valutazioni d\'azienda'),
	(536, '143', '3', 'Controllo di gestione e consulenza d\'azienda'),
	(537, '143', '16', 'Tributario e contenzioso'),
	(538, '143', '7', 'Bilancio e valutazione d\'azienda'),
	(539, '143', '9', 'Diritto societario'),
	(540, '143', '13', 'Finanza agevolata'),
	(541, '143', '14', 'Dirittto del lavoro e previdenza'),
	(542, '89', '3', 'Controllo di gestione e consulenza aziendale'),
	(543, '89', '7', 'Bilancio e valutazioni d\'azienda'),
	(544, '89', '9', 'Diritto societario'),
	(545, '89', '16', 'Tributario e contenzioso'),
	(546, '89', '12', 'Revisione legale e sistemi 231'),
	(547, '91', '7', 'Bilancio e valutazione d\'azienda'),
	(548, '91', '3', 'Controllo di gestione e consulenza d\'azienda'),
	(549, '91', '3', 'Business Plan'),
	(550, '91', '3', 'Finanza d\'impresa'),
	(551, '91', '2', 'Gestore delle Crisi da sovraindembitamento'),
	(552, '91', '12', 'Revisore legale dei conti'),
	(553, '144', '3', 'Controllo di gestione e consulenza d\'azienda'),
	(554, '144', '16', 'Tributario e contenzioso'),
	(555, '145', '7', 'Bilancio e valutazione d\'azienda'),
	(560, '146', '3', 'Controllo di gestione e consulenza aziendale'),
	(561, '146', '11', 'Internazionalizzazione'),
	(562, '146', '13', 'Finanza Agevolata'),
	(563, '146', '7', 'Bilancio e Valutazioni d\'Azienda'),
	(564, '147', '3', 'Controllo di gestione e consulenza aziendale'),
	(565, '147', '9', 'Diritto societario'),
	(566, '147', '16', 'Finanza Agevolata'),
	(567, '147', '7', 'Bilancio e Valutazioni d\'Azienda'),
	(568, '147', '12', 'Revisione legale e sistemi 231'),
	(569, '130', '3', 'Gestione aziendale'),
	(570, '130', '3', 'Project management'),
	(571, '130', '7', 'Credito bancario'),
	(572, '130', '3', 'Innovation manager'),
	(573, '148', '3', 'Controllo di gestione e consulenza aziendale'),
	(574, '148', '14', 'Dirittto del lavoro e previdenza'),
	(575, '148', '15', 'Clima Aziendale'),
	(576, '148', '7', 'Bilancio e Valutazioni d\'Azienda'),
	(577, '148', '10', 'Gestione ordinaria e straordinaria'),
	(578, '148', '16', 'Tributario e contenzioso'),
	(579, '149', '3', 'Controllo di gestione e consulenza aziendale'),
	(580, '149', '7', 'Bilancio e Valutazioni d\'Azienda'),
	(581, '149', '12', 'Revisione legale e sistemi 231'),
	(582, '98', '3', 'Controllo gestione e consulenza aziendale'),
	(583, '98', '7', 'Bilancio e valutazioni azienda'),
	(584, '98', '9', 'Diritto societario'),
	(585, '98', '10', 'Gestione ordinaria e straordinaria'),
	(586, '98', '16', 'Tributario e contenzioso'),
	(587, '98', '2', 'Ristrutturazione debiti e diritto fallimentare'),
	(588, '150', '3', 'Controllo di gestione e consulenza aziendale'),
	(589, '150', '14', 'Diritto del lavoro e previdenza'),
	(590, '150', '15', 'Clima aziendale'),
	(591, '151', '3', 'Controllo di gestione e consulenza aziendale'),
	(592, '151', '7', 'Bilancio e valutazioni d\'azienda'),
	(593, '151', '9', 'Diritto societario'),
	(594, '151', '10', 'Gestioni ordinarie e straordinarie'),
	(595, '151', '16', 'Tributario e contenzioso'),
	(596, '151', '2', 'Ristrutturazione debiti e diritto fallimentare'),
	(597, '152', '', ''),
	(598, '64', '3', 'Controllo di Gestione e Consulenza Aziendale'),
	(599, '64', '13', 'Finanza Agevolata e Business Plan'),
	(600, '64', '7', 'Bilancio e valutazioni'),
	(601, '64', '2', 'Accordi di Composizione di Crisi da Sovraindebitamento'),
	(602, '153', '14', 'Dirittto del lavoro e previdenza'),
	(603, '153', '15', 'Clima Aziendale'),
	(604, '153', '3', 'Controllo gestione e consulenza aziendale'),
	(605, '154', '', ''),
	(607, '155', '3', 'Controllo di gestione e consulenza aziendale'),
	(608, '155', '7', 'Bilancio e Valutazioni d\'Azienda'),
	(609, '155', '9', 'Diritto Societario'),
	(610, '155', '10', 'Gestioni straordinarie e ordinarie'),
	(611, '155', '12', 'Revisione legale e sistemi 231'),
	(612, '155', '16', 'Tributario e contenzioso'),
	(613, '90', '18', 'Sicurezza sul lavoro'),
	(615, '157', '3', 'Controllo di gestione e Consulenza aziendale'),
	(616, '157', '7', 'Bilancio e Valutazioni d\'Azienda'),
	(617, '157', '9', 'Diritto Societario'),
	(618, '157', '10', 'Gestioni straordinarie e ordinarie'),
	(619, '157', '15', 'Clima Aziendale'),
	(620, '76', '15', 'Clima Aziendale'),
	(621, '76', '20', 'Formazione e Coaching per lo sviluppo delle risorse umane'),
	(622, '54', '17', 'Consulente Aziendale'),
	(623, '54', '15', 'Clima Aziendale'),
	(624, '158', '3', 'Controllo di gestione e Consulenza aziendale'),
	(625, '158', '7', 'Bilancio e Valutazione d\'Azienda'),
	(626, '158', '10', 'Gestioni straordinarie e ordinarie'),
	(627, '158', '12', 'Revisione Legale e Sistemi 231'),
	(628, '158', '14', 'Diritto del lavoro e previdenza'),
	(629, '158', '16', 'Tributario e Contenzioso'),
	(630, '159', '3', 'Controllo di gestione e Consulenza aziendale'),
	(631, '159', '7', 'Bilancio e Valutazioni d\'Azienda'),
	(632, '159', '10', 'Gestioni Straordinarie e ordinarie'),
	(633, '159', '17', 'Consulente Aziendale'),
	(635, '160', '21', 'Web Marketing'),
	(636, '160', '22', 'Consulenza Marketing'),
	(637, '160', '23', 'Consulenza Progettazione e Riorganizzazione Processi Aziendali'),
	(638, '161', '3', 'Controllo di gestione e Consulenza aziendale'),
	(639, '161', '7', 'Bilancio e Valutazioni d\'Azienda'),
	(640, '161', '9', 'Diritto Societario'),
	(641, '161', '10', 'Gestioni Straordinarie e Ordinarie'),
	(642, '161', '16', 'Tributario e Contenzioso'),
	(643, '162', '2', 'Ristrutturazione debiti e diritto fallimentare'),
	(644, '162', '3', 'Controllo di gestione e Consulenza aziendale'),
	(645, '162', '7', 'Bilancio e Valutazioni d\'Azienda'),
	(646, '162', '9', 'Diritto Societario'),
	(647, '162', '10', 'Gestioni straordinarie e ordinarie'),
	(648, '162', '16', 'Tributario e Contenzioso'),
	(649, '162', '17', 'Consulente Aziendale'),
	(650, '163', '3', 'Controllo di gestione e Consulenza aziendale'),
	(651, '163', '7', 'Bilancio e Valutazioni d\'Azienda'),
	(652, '163', '9', 'Diritto Societario'),
	(653, '163', '10', 'Gestioni straordinarie e ordinarie'),
	(654, '163', '12', 'Revisione legale e sistemi 231'),
	(655, '163', '13', 'Finanza Agevolata'),
	(656, '163', '14', 'Diritto del Lavoro e previdenza'),
	(657, '163', '17', 'Consulente Aziendale'),
	(662, '165', '7', 'Bilancio e Valutazioni d\'Azienda'),
	(663, '165', '12', 'Revisione Legale e sistemi 231'),
	(664, '166', '3', 'Controllo di gestione e Consulenza aziendale'),
	(665, '167', '7', 'Bilancio e Valutazioni d\'Azienda'),
	(666, '167', '12', 'Revisione Legale e sistemi 231'),
	(667, '167', '17', 'Consulente Aziendale'),
	(668, '168', '2', 'Ristrutturazione debiti e diritto fallimentare'),
	(669, '168', '3', 'Controllo di gestione e consulenza aziendale'),
	(670, '168', '9', 'Diritto Societario'),
	(671, '168', '10', 'Gestioni Straordinarie e Ordinarie'),
	(672, '168', '24', 'Revisione Legale'),
	(673, '170', '2', 'Ristrutturazione debiti e diritto fallimentare'),
	(674, '170', '3', 'Controllo di gestione e consulenza aziendale'),
	(675, '170', '7', 'Bilancio Valutazioni d\'azienda'),
	(676, '170', '9', 'Diritto societario'),
	(677, '170', '10', 'Gestioni straordinarie e ordinarie'),
	(678, '170', '11', 'Internazionalizzazione'),
	(679, '170', '12', 'Revisione legale e sistemi 231'),
	(680, '170', '13', 'Finanza Agevolata'),
	(681, '170', '14', 'Diritto del lavoro e previdenza'),
	(682, '170', '16', 'Tributario e contenzioso'),
	(683, '171', '7', 'Bilancio e valutazioni d\'Azienda'),
	(684, '171', '9', 'Diritto Societario'),
	(685, '171', '25', 'Controllo Legale dei conti Enti Locali'),
	(686, '171', '26', 'Controllo di gestione Enti Locali'),
	(687, '172', '3', 'Controllo di gestione e Consulenza aziendale'),
	(688, '172', '15', 'Clima Aziendale'),
	(689, '173', '3', 'Controllo di gestione e Consulenza aziendale'),
	(690, '173', '15', 'Clima Aziendale'),
	(691, '174', '3', 'Controllo di Gestione e Consulenza aziendale'),
	(692, '174', '7', 'Bilancio e Valutazioni d\'Azienda'),
	(693, '174', '10', 'Gestioni straordinarie e ordinarie'),
	(694, '174', '16', 'Tributario e Contenzioso'),
	(695, '175', '3', 'Controllo di Gestione e Consulenza aziendale'),
	(696, '175', '7', 'Bilancio e Valutazioni d\'Azienda'),
	(697, '175', '16', 'Tributario e Contenzioso'),
	(698, '176', '3', 'Controllo di Gestione e Consulenza aziendale'),
	(699, '176', '7', 'Bilancio e Valutazioni d\'Azienda'),
	(700, '176', '11', 'Internazionalizzazione'),
	(701, '176', '17', 'Consulente aziendale'),
	(702, '176', '23', 'Consulenza Progettazione e Riorganizzazione Processi Aziendali'),
	(703, '177', '2', 'Ristrutturazione debiti e diritto fallimentare'),
	(704, '177', '3', 'Controllo di Gestione e Consulenza aziendale'),
	(705, '177', '7', 'Bilancio e Valutazioni d\'Azienda'),
	(706, '177', '9', 'Diritto Societario'),
	(707, '177', '10', 'Gestioni straordinarie e ordinarie'),
	(708, '177', '13', 'Finanza Agevolata'),
	(709, '177', '14', 'Dirittto del lavoro e previdenza'),
	(710, '177', '15', 'Clima Aziendale'),
	(711, '177', '16', 'Tributario e Contenzioso'),
	(712, '177', '17', 'Consulente aziendale'),
	(713, '177', '18', 'Sicurezza sul lavoro'),
	(714, '177', '20', 'Formazione e Coaching per lo sviluppo delle risorse umane'),
	(715, '177', '21', 'Web Marketing'),
	(716, '177', '22', 'Consulenza Marketing'),
	(717, '177', '24', 'Revisione Legale'),
	(718, '177', '', ''),
	(719, '178', '', ''),
	(720, '179', '2', 'Ristrutturazione debiti e diritto fallimentare'),
	(721, '179', '7', 'Bilancio e Valutazioni d\'Azienda'),
	(722, '179', '13', 'Finanza Agevolata'),
	(723, '179', '16', 'Tributario e Contenzioso'),
	(724, '179', '17', 'Consulente aziendale'),
	(725, '179', '24', 'Revisione Legale'),
	(726, '179', '25', 'Controllo legale dei conti enti locali'),
	(727, '180', '27', 'Modelli di gestione 231/01 e gestione rischio'),
	(728, '180', '28', 'Welfare aziendale'),
	(729, '180', '29', 'Rating di legalità'),
	(733, '180', '30', 'Sostenibilit&agrave; e sviluppo sostenibile'),
	(734, '181', '3', 'Controllo di Gestione e Consulenza aziendale'),
	(735, '181', '14', 'Dirittto del lavoro e previdenza'),
	(736, '181', '17', 'Consulente aziendale'),
	(737, '182', '3', 'Controllo di Gestione e Consulenza aziendale'),
	(738, '182', '13', 'Finanza Agevolata'),
	(739, '182', '23', 'Consulenza Progettazione e Riorganizzazione Processi Aziendali'),
	(740, '183', '2', 'Ristrutturazione debiti e diritto fallimentare'),
	(741, '183', '3', 'Controllo di Gestione e Consulenza aziendale'),
	(742, '183', '7', 'Bilancio e Valutazioni d\'Azienda'),
	(743, '183', '10', 'Gestioni straordinarie e ordinarie'),
	(744, '183', '12', 'Revisone legale e sistemi 231'),
	(745, '183', '13', 'Finanza Agevolata'),
	(746, '183', '15', 'Clima Aziendale'),
	(747, '183', '16', 'Tributario e Contenzioso'),
	(748, '183', '17', 'Consulente aziendale'),
	(749, '183', '18', 'Sicurezza sul lavoro'),
	(750, '183', '20', 'Formazione e Coaching per lo sviluppo delle risorse umane'),
	(751, '183', '23', 'Consulenza Progettazione e Riorganizzazione Processi Aziendali'),
	(752, '183', '24', 'Revisione Legale'),
	(753, '183', '25', 'Controllo legale dei conti enti locali'),
	(754, '184', '7', 'Bilancio e Valutazioni d\'Azienda'),
	(755, '184', '16', 'Tributario e Contenzioso'),
	(756, '184', '17', 'Consulente aziendale'),
	(757, '184', '24', 'Revisione Legale'),
	(758, '185', '3', 'Controllo di Gestione e Consulenza aziendale'),
	(759, '185', '15', 'Clima Aziendale'),
	(760, '186', '3', 'Controllo di Gestione e Consulenza aziendale'),
	(761, '186', '7', 'Bilancio e Valutazioni d\'Azienda'),
	(762, '186', '9', 'Diritto Societario'),
	(763, '186', '10', 'Gestioni straordinarie e ordinarie'),
	(764, '186', '12', 'Revisone legale e sistemi 231'),
	(765, '186', '16', 'Tributario e Contenzioso'),
	(766, '186', '17', 'Consulente aziendale'),
	(767, '186', '23', 'Consulenza Progettazione e Riorganizzazione Processi Aziendali'),
	(768, '187', '3', 'Controllo di Gestione e Consulenza aziendale'),
	(769, '187', '7', 'Bilancio e Valutazioni d\'Azienda'),
	(770, '187', '10', 'Gestioni straordinarie e ordinarie'),
	(771, '187', '15', 'Clima Aziendale'),
	(772, '187', '17', 'Consulente aziendale'),
	(773, '187', '20', 'Formazione e Coaching per lo sviluppo delle risorse umane'),
	(774, '187', '23', 'Consulenza Progettazione e Riorganizzazione Processi Aziendali'),
	(775, '188', '3', 'Controllo di Gestione e Consulenza aziendale'),
	(776, '188', '7', 'Bilancio e Valutazioni d\'Azienda'),
	(777, '188', '11', 'Internazionalizzazione'),
	(778, '188', '17', 'Consulente aziendale'),
	(779, '188', '21', 'Web Marketing'),
	(780, '188', '22', 'Consulenza Marketing'),
	(781, '188', '23', 'Consulenza Progettazione e Riorganizzazione Processi Aziendali'),
	(782, '188', '15', 'Clima Aziendale'),
	(783, '189', '3', 'Controllo di Gestione e Consulenza aziendale'),
	(784, '189', '7', 'Bilancio e Valutazioni d\'Azienda'),
	(785, '189', '10', 'Gestioni straordinarie e ordinarie'),
	(786, '189', '11', 'Internazionalizzazione'),
	(787, '189', '16', 'Tributario e Contenzioso'),
	(788, '190', '3', 'Controllo di Gestione e Consulenza aziendale'),
	(789, '190', '7', 'Bilancio e Valutazioni d\'Azienda'),
	(790, '190', '9', 'Diritto Societario'),
	(791, '190', '10', 'Gestioni straordinarie e ordinarie'),
	(792, '190', '12', 'Revisone legale e sistemi 231'),
	(793, '190', '14', 'Dirittto del lavoro e previdenza'),
	(794, '190', '15', 'Clima Aziendale'),
	(795, '190', '17', 'Consulente aziendale'),
	(796, '190', '24', 'Revisione Legale'),
	(797, '190', '28', 'Welfare aziendale'),
	(798, '191', '2', 'Ristrutturazione debiti e diritto fallimentare'),
	(799, '191', '9', 'Diritto Societario'),
	(800, '191', '17', 'Consulente aziendale'),
	(801, '192', '32', 'Patent Box'),
	(802, '192', '33', 'Transfer Pricing'),
	(803, '193', '3', 'Controllo di Gestione e Consulenza aziendale'),
	(804, '193', '7', 'Bilancio e Valutazioni d\'Azienda'),
	(805, '193', '9', 'Diritto Societario'),
	(806, '193', '11', 'Internazionalizzazione'),
	(807, '193', '14', 'Dirittto del lavoro e previdenza'),
	(808, '193', '16', 'Tributario e Contenzioso'),
	(809, '193', '17', 'Consulente aziendale'),
	(810, '193', '24', 'Revisione Legale'),
	(811, '194', '7', 'Bilancio e Valutazioni d\'Azienda'),
	(812, '194', '9', 'Diritto Societario'),
	(813, '194', '16', 'Tributario e Contenzioso'),
	(814, '194', '17', 'Consulente aziendale'),
	(815, '194', '24', 'Revisione Legale'),
	(816, '194', '25', 'Controllo legale dei conti enti locali'),
	(817, '195', '7', 'Bilancio e Valutazioni d\'Azienda'),
	(818, '195', '16', 'Tributario e Contenzioso'),
	(819, '195', '17', 'Consulente aziendale'),
	(820, '195', '24', 'Revisione Legale'),
	(821, '195', '25', 'Controllo legale dei conti enti locali'),
	(822, '196', '7', 'Bilancio e Valutazioni d\'Azienda'),
	(823, '196', '9', 'Diritto Societario'),
	(824, '196', '14', 'Dirittto del lavoro e previdenza'),
	(825, '196', '17', 'Consulente aziendale'),
	(826, '196', '', ''),
	(827, '197', '2', 'Ristrutturazione debiti e diritto fallimentare'),
	(828, '197', '3', 'Controllo di Gestione e Consulenza aziendale'),
	(829, '198', '7', 'Bilancio e Valutazioni d\'Azienda'),
	(830, '198', '9', 'Diritto Societario'),
	(831, '198', '10', 'Gestioni straordinarie e ordinarie'),
	(832, '198', '14', 'Dirittto del lavoro e previdenza'),
	(833, '198', '15', 'Clima Aziendale'),
	(834, '198', '16', 'Tributario e Contenzioso'),
	(835, '198', '17', 'Consulente aziendale'),
	(836, '198', '20', 'Formazione e Coaching per lo sviluppo delle risorse umane'),
	(837, '198', '24', 'Revisione Legale'),
	(838, '199', '9', 'Diritto Societario'),
	(839, '199', '16', 'Tributario e Contenzioso'),
	(840, '200', '3', 'Controllo di Gestione e Consulenza aziendale'),
	(841, '200', '15', 'Clima Aziendale'),
	(842, '200', '17', 'Consulente aziendale'),
	(843, '200', '20', 'Formazione e Coaching per lo sviluppo delle risorse umane'),
	(844, '200', '23', 'Consulenza Progettazione e Riorganizzazione Processi Aziendali'),
	(845, '201', '3', 'Controllo di Gestione e Consulenza aziendale'),
	(846, '201', '7', 'Bilancio e Valutazioni d\'Azienda'),
	(847, '201', '17', 'Consulente aziendale'),
	(848, '201', '23', 'Consulenza Progettazione e Riorganizzazione Processi Aziendali'),
	(849, '201', '24', 'Revisione Legale'),
	(850, '202', '7', 'Bilancio e Valutazioni d\'Azienda'),
	(851, '202', '17', 'Consulente aziendale'),
	(852, '203', '3', 'Controllo di Gestione e Consulenza aziendale'),
	(853, '203', '15', 'Clima Aziendale'),
	(854, '203', '20', 'Formazione e Coaching per lo sviluppo delle risorse umane'),
	(855, '203', '23', 'Consulenza Progettazione e Riorganizzazione Processi Aziendali'),
	(856, '203', '34', 'Consulenza reti vendita e direzione vendita'),
	(857, '204', '3', 'Controllo di Gestione e Consulenza aziendale'),
	(858, '204', '15', 'Clima Aziendale'),
	(859, '204', '17', 'Consulente aziendale'),
	(860, '204', '20', 'Formazione e Coaching per lo sviluppo delle risorse umane'),
	(861, '205', '3', 'Controllo di Gestione e Consulenza aziendale'),
	(862, '205', '9', 'Diritto Societario'),
	(863, '205', '17', 'Consulente aziendale'),
	(864, '205', '25', 'Controllo legale dei conti enti locali'),
	(865, '205', '13', 'Finanza Agevolata'),
	(866, '206', '3', 'Controllo di Gestione e Consulenza aziendale'),
	(867, '206', '7', 'Bilancio e Valutazioni d\'Azienda'),
	(868, '206', '9', 'Diritto Societario'),
	(869, '206', '14', 'Dirittto del lavoro e previdenza'),
	(870, '206', '17', 'Consulente aziendale'),
	(871, '206', '24', 'Revisione Legale'),
	(872, '206', '25', 'Controllo legale dei conti enti locali'),
	(873, '207', '3', 'Controllo di Gestione e Consulenza aziendale'),
	(874, '207', '7', 'Bilancio e Valutazioni d\'Azienda'),
	(875, '207', '13', 'Finanza Agevolata'),
	(876, '207', '17', 'Consulente aziendale'),
	(877, '208', '3', 'Controllo di Gestione e Consulenza aziendale'),
	(878, '208', '7', 'Bilancio e Valutazioni d\'Azienda'),
	(879, '208', '10', 'Gestioni straordinarie e ordinarie'),
	(880, '208', '13', 'Finanza Agevolata'),
	(881, '208', '24', 'Revisione Legale'),
	(882, '208', '35', 'General Data Protection Regulation (GDPR)-Regolamento UE n 2016/679'),
	(883, '140', '35', 'General Data Protection Regulation (GDPR)-Regolamento UE n 2016/679'),
	(884, '209', '13', 'Finanza Agevolata'),
	(891, '210', '3', 'Controllo di Gestione e Consulenza aziendale'),
	(892, '210', '10', 'Gestioni straordinarie e ordinarie'),
	(893, '210', '7', 'Bilancio e Valutazioni d\'Azienda'),
	(894, '210', '9', 'Diritto Societario'),
	(895, '210', '16', 'Tributario e Contenzioso'),
	(899, '213', '2', 'Ristrutturazione debiti e diritto fallimentare');
/*!40000 ALTER TABLE `consulente` ENABLE KEYS */;

-- Dumping structure for table interna5_consuspec.emailForm
CREATE TABLE IF NOT EXISTS `emailForm` (
  `id` int(11) NOT NULL AUTO_INCREMENT,
  `nome_clienti` varchar(255) DEFAULT NULL,
  `email_clienti` varchar(255) DEFAULT NULL,
  `telefono_clienti` varchar(255) DEFAULT NULL,
  `citta_clienti` varchar(255) DEFAULT NULL,
  `messagio_clienti` text DEFAULT NULL,
  `id_consulenti` int(11) DEFAULT NULL,
  PRIMARY KEY (`id`),
  KEY `FK_emailForm_user` (`id_consulenti`),
  CONSTRAINT `FK_emailForm_user` FOREIGN KEY (`id_consulenti`) REFERENCES `user` (`id`)
) ENGINE=InnoDB AUTO_INCREMENT=2 DEFAULT CHARSET=latin1;

-- Dumping data for table interna5_consuspec.emailForm: ~0 rows (approximately)
/*!40000 ALTER TABLE `emailForm` DISABLE KEYS */;
/*!40000 ALTER TABLE `emailForm` ENABLE KEYS */;

-- Dumping structure for table interna5_consuspec.fotoProfile
CREATE TABLE IF NOT EXISTS `fotoProfile` (
  `id` int(11) NOT NULL AUTO_INCREMENT,
  `foto_nome` varchar(255) DEFAULT NULL,
  `user_id` int(11) DEFAULT NULL,
  PRIMARY KEY (`id`),
  KEY `FK__user` (`user_id`),
  CONSTRAINT `FK__user` FOREIGN KEY (`user_id`) REFERENCES `user` (`id`) ON DELETE CASCADE ON UPDATE CASCADE
) ENGINE=InnoDB AUTO_INCREMENT=73 DEFAULT CHARSET=latin1;

-- Dumping data for table interna5_consuspec.fotoProfile: ~57 rows (approximately)
/*!40000 ALTER TABLE `fotoProfile` DISABLE KEYS */;
INSERT INTO `fotoProfile` (`id`, `foto_nome`, `user_id`) VALUES
	(2, 'fabioconsorti.jpeg', 119),
	(3, 'claudiopucci.jpg', 123),
	(4, 'jacopopucci.png', 124),
	(5, 'griggioantonella.jpg', 72),
	(6, 'massimodelcupola.png', 76),
	(7, 'idettacincinelli.png', 99),
	(8, 'silviatessari.png', 49),
	(9, 'lucaespositomerricone.png', 54),
	(10, 'santelonfernini.png', 69),
	(11, 'gaetanonoe.png', 65),
	(12, 'pasqualeciccani.png', 79),
	(13, 'francescoleone.jpg', 47),
	(14, 'antoniocavazzini.jpg', 131),
	(15, 'luciabenetti.png', 134),
	(16, 'alessionapoletani.jpeg', 136),
	(17, 'albertotripoli.jpg', 140),
	(18, 'emiliotasca.png', 141),
	(20, 'giorgonorcia.jpg', 147),
	(21, 'annamariapietroforte.jpg', 110),
	(22, 'carlogiai.jpg', 149),
	(23, 'carmelamartino.jpg', 152),
	(24, 'fabiofavino.jpg', 155),
	(25, 'francesco.jpg', 159),
	(26, 'giorgio.jpg', 161),
	(27, 'daniele.jpg', 162),
	(28, 'rolando.jpg', 163),
	(30, 'gianluca .jpg', 168),
	(31, 'giovannitrifoglio.jpg', 171),
	(32, 'albertogoffy.jpg', 172),
	(33, 'giuseppesalvato.jpg', 173),
	(37, 'marcoravanelli.jpg', 174),
	(38, 'pasqualecirigliano.png', 175),
	(39, 'cosimopanico.jpg', 177),
	(40, 'salvatoretommasi.jpg', 179),
	(41, 'andreacasadei.jpg', 180),
	(42, 'renatacoluccio.jpg', 181),
	(44, 'opensrl.jpg', 182),
	(45, 'giovannischepis.jpg', 184),
	(46, 'andreaboccaccio.jpg', 185),
	(48, 'studiosinopoli.jpg', 186),
	(49, 'osvaldogiampaoli.jpg', 187),
	(50, 'annaritasalvatorelli.jpg', 189),
	(51, 'ettoregrazioso.jpg', 188),
	(52, 'studioassociato.jpg', 190),
	(53, 'lucalanteri.jpg', 193),
	(54, 'rosariodentamaro.jpg', 197),
	(55, 'omarmelzi.jpg', 198),
	(56, 'domenicosilvestri.jpg', 199),
	(57, 'catiabonetti.jpg', 200),
	(58, 'davidetedeschi.jpg', 202),
	(59, 'marcorandazzo.png', 203),
	(62, 'leonardozappanico.jpg', 206),
	(63, 'angeloromagnoli.jpg', 207),
	(69, 'Agile .jpg', 164),
	(70, 'andreaolivero.jpg', 204),
	(71, 'alessandroguidotti.jpg', 208),
	(72, 'consultasrlstp.png', 209);
/*!40000 ALTER TABLE `fotoProfile` ENABLE KEYS */;

-- Dumping structure for table interna5_consuspec.specializzazioni
CREATE TABLE IF NOT EXISTS `specializzazioni` (
  `id` int(11) NOT NULL AUTO_INCREMENT,
  `specializzazioni` varchar(100) COLLATE utf8_spanish_ci NOT NULL,
  PRIMARY KEY (`id`),
  KEY `id` (`id`)
) ENGINE=InnoDB AUTO_INCREMENT=36 DEFAULT CHARSET=utf8 COLLATE=utf8_spanish_ci;

-- Dumping data for table interna5_consuspec.specializzazioni: ~28 rows (approximately)
/*!40000 ALTER TABLE `specializzazioni` DISABLE KEYS */;
INSERT INTO `specializzazioni` (`id`, `specializzazioni`) VALUES
	(2, 'Ristrutturazione debiti e diritto fallimentare'),
	(3, 'Controllo di Gestione e Consulenza aziendale'),
	(7, 'Bilancio e Valutazioni d\'Azienda'),
	(9, 'Diritto Societario'),
	(10, 'Gestioni straordinarie e ordinarie'),
	(11, 'Internazionalizzazione'),
	(12, 'Revisone legale e sistemi 231'),
	(13, 'Finanza Agevolata'),
	(14, 'Dirittto del lavoro e previdenza'),
	(15, 'Clima Aziendale'),
	(16, 'Tributario e Contenzioso'),
	(17, 'Consulente aziendale'),
	(18, 'Sicurezza sul lavoro'),
	(20, 'Formazione e Coaching per lo sviluppo delle risorse umane'),
	(21, 'Web Marketing'),
	(22, 'Consulenza Marketing'),
	(23, 'Consulenza Progettazione e Riorganizzazione Processi Aziendali'),
	(24, 'Revisione Legale'),
	(25, 'Controllo legale dei conti enti locali'),
	(26, 'controllo di gestione Enti Locali'),
	(27, 'Modelli di gestione 231/01 e gestione rischio'),
	(28, 'Welfare aziendale'),
	(29, 'Rating di legalità'),
	(30, 'Sostenibilit&agrave; e sviluppo sostenibile'),
	(32, 'Patent Box'),
	(33, 'Transfer Pricing'),
	(34, 'Consulenza reti vendita e direzione vendita'),
	(35, 'General Data Protection Regulation (GDPR)-Regolamento UE n 2016/679');
/*!40000 ALTER TABLE `specializzazioni` ENABLE KEYS */;

-- Dumping structure for table interna5_consuspec.user
CREATE TABLE IF NOT EXISTS `user` (
  `id` int(11) NOT NULL AUTO_INCREMENT,
  `username` varchar(50) DEFAULT NULL,
  `password` varchar(50) DEFAULT NULL,
  `name` varchar(50) DEFAULT NULL,
  `lastname` varchar(50) DEFAULT NULL,
  `email` varchar(50) DEFAULT NULL,
  `phone` varchar(50) DEFAULT NULL,
  `citta` varchar(50) DEFAULT NULL,
  `provincia` varchar(50) DEFAULT NULL,
  `regione` varchar(50) DEFAULT NULL,
  `citta_due` varchar(50) DEFAULT NULL,
  `provincia_due` varchar(50) DEFAULT NULL,
  `regione_due` varchar(50) DEFAULT NULL,
  `level` varchar(50) DEFAULT NULL,
  PRIMARY KEY (`id`),
  KEY `id` (`id`)
) ENGINE=InnoDB AUTO_INCREMENT=214 DEFAULT CHARSET=latin1;

-- Dumping data for table interna5_consuspec.user: ~161 rows (approximately)
/*!40000 ALTER TABLE `user` DISABLE KEYS */;
INSERT INTO `user` (`id`, `username`, `password`, `name`, `lastname`, `email`, `phone`, `citta`, `provincia`, `regione`, `citta_due`, `provincia_due`, `regione_due`, `level`) VALUES
	(12, 'leonardo', 'leonardolibra123', 'Leonardo', '', NULL, NULL, NULL, NULL, NULL, NULL, NULL, NULL, '1'),
	(43, 'agostinogalizia', 'agostinogalizia', 'Agostino', 'Galizia', NULL, NULL, 'Cagliari', 'Cagliari', 'Sardegna', NULL, NULL, NULL, '0'),
	(44, 'massimocoletta', 'massimocoletta', 'Massimo', 'Coletta', NULL, NULL, 'Roma', 'Roma', 'Lazio', NULL, NULL, NULL, '0'),
	(45, 'massimoandolfi', 'massimoandolfi', 'Massimo', 'Andolfi', NULL, NULL, 'Roma', 'Roma', 'Lazio', NULL, NULL, NULL, '0'),
	(46, 'savinoselvarolo', 'savinoselcarolo', 'Savino', 'Selvarolo', NULL, NULL, 'Andria', 'Barletta Andria Trani', 'Puglia', NULL, NULL, NULL, '0'),
	(47, 'francescoleone', 'francescoleone', 'Francesco', 'Leone', '', '', 'Corato', 'Bari', 'Puglia', NULL, NULL, NULL, '0'),
	(49, 'silviatessari', 'silviatessari', 'Silvia', 'Tessari', '', '', 'Padova', 'Padova', 'Veneto', NULL, NULL, NULL, '0'),
	(50, 'emidiocutolo', 'emidiocutolo', 'Emidio', 'Cutolo', NULL, NULL, 'Rionero in Vulture', 'Potenza', 'Basilicata', NULL, NULL, NULL, '0'),
	(51, 'antoniocutolo', 'antoniocutolo', 'Antonio', 'Cutolo', NULL, NULL, 'Rionero in Vulture', 'Potenza', 'Basilicata', NULL, NULL, NULL, '0'),
	(52, 'studiocapoccetta', 'studiocapoccetta', 'Studio', 'Capoccetta', NULL, NULL, 'Frosinone', 'Frosinone', 'Lazio', NULL, NULL, NULL, '0'),
	(53, 'gianpierobiele', 'gianpierobiele', 'Gian Piero ', 'Biele', NULL, NULL, 'Bologna', 'Bologna', 'Emilia Romagna', NULL, NULL, NULL, '0'),
	(54, 'lucaespositomerricone', 'lucaespositomerricone', 'Luca Esposito ', 'Merricone', '', '', 'Naploi', 'Napoli', 'Campania', NULL, NULL, NULL, '0'),
	(55, 'santigrillo', 'santigrillo', 'Santi', 'Grillo', NULL, NULL, 'San Filippo del Mela', 'Messina', 'Sicilia', NULL, NULL, NULL, '0'),
	(56, 'luigifenni', 'luigifenni', 'Luigi', 'Fenni', NULL, NULL, 'Torre San Patrizio', 'Fermo', 'Marche', NULL, NULL, NULL, '0'),
	(57, 'enricorivoira', 'enricorivoira', 'Enrico', 'Rivoira', NULL, NULL, 'Saluzzo', 'Cuneo', 'Piemonte', NULL, NULL, NULL, '0'),
	(58, 'emilioscola', 'emilioscola', 'Emilio', 'Scola', NULL, NULL, 'Milano', 'Milano', 'Lombardia', NULL, NULL, NULL, '0'),
	(61, 'lucafavalesi', 'lucafavalesi', 'Luca', 'Favalesi', NULL, NULL, 'Castiglione delle Stiviere', 'Mantova', 'Lombardia', NULL, NULL, NULL, '0'),
	(62, 'giorgiofornasier', 'giorgiofornasier', 'Giorgio', 'Fornasier', NULL, NULL, 'Spresiano', 'Treviso', 'Veneto', NULL, NULL, NULL, '0'),
	(63, 'massimobianchi', 'massimobianchi', 'Massimo', 'Bianchi', NULL, NULL, 'San Giuliano Terme', 'Pisa', 'Toscana', NULL, NULL, NULL, '0'),
	(64, 'alessandrobosco', 'alessandrobosco', 'Alessandro', 'Bosco', NULL, NULL, 'Favara', 'Agrigento', 'Sicilia', NULL, NULL, NULL, '0'),
	(65, 'gaetanonoe', 'gaetanonoe', 'Gaetano', 'Noe', '', '', 'Torino', 'Torino', 'Piemonte', NULL, NULL, NULL, '0'),
	(66, 'mariaelenadeglieredi', 'mariaelenadeglieredi', 'Maria Elena ', 'degli Eredi', NULL, NULL, 'Pescara', 'Pescara', 'Abruzzo', NULL, NULL, NULL, '0'),
	(67, 'claudiocalini', 'claudiocalini', 'Claudio', 'Calini', NULL, NULL, 'Gambara', 'Brescia', 'Lombardia', NULL, NULL, NULL, '0'),
	(68, 'matteomele', 'matteomele', 'Matteo', 'Mele', NULL, NULL, 'Bologna', 'Bologna', 'Emilia Romagna', NULL, NULL, NULL, '0'),
	(69, 'santelonfernini', 'santelonfernini', 'Sante', 'Lonfernini', '', '', 'San Marino', 'Rimini', 'Emilia Romagna', '', '', '', '0'),
	(70, 'simonasassi', 'simonasassi', 'Simona', 'Sassi', NULL, NULL, 'Verbania', 'Verbano Cusio Ossola', 'Piemonte', NULL, NULL, NULL, '0'),
	(72, 'griggioantonella', 'griggioantonella', 'Antonella', 'Griggio', '', '', 'Mestrino', 'Padova', 'Veneto', NULL, NULL, NULL, '0'),
	(73, 'lauraalbertin', 'lauraalbertin', 'Laura', 'Albertin', '', '', 'Padova', 'Padova', 'Veneto', NULL, NULL, NULL, '0'),
	(74, 'alessandrovilla', 'alessandrovilla', 'Alessandro', 'Villa', NULL, NULL, 'Venezia', 'Venezia', 'Veneto', NULL, NULL, NULL, '0'),
	(75, 'tullioquagliotti', 'tullioquagliotti', 'Tullio', 'Quagliotti', NULL, NULL, 'Montichiari', 'Brescia', 'Lombardia', NULL, NULL, NULL, '0'),
	(76, 'massimodelcupola', 'massimodelcupola', 'Massimo', 'Del Cupola', '', '', 'Mirano', 'Venezia', 'Veneto', '', '', '', '0'),
	(77, 'lorenzovimercati', 'lorenzovimercati', 'Lorenzo', 'Vimercati', NULL, NULL, 'Venezia', 'Venezia', 'Veneto', NULL, NULL, NULL, '0'),
	(79, 'pasqualeciccani', 'pasqualeciccani', 'Pasquale', 'Ciccani', '', '', 'L\'Aquila', 'L\'Aquila', 'Abruzzo', '', '', '', '0'),
	(80, 'danilomanni', 'danilomanni', 'Danilo', 'Manni', NULL, NULL, 'Roma', 'Roma', 'Lazio', NULL, NULL, NULL, '0'),
	(81, 'lucaolivieri', 'lucaolivieri', 'Luca', 'Olivieri', NULL, NULL, 'Lugagnano di Sona', 'Verona', 'Veneto', NULL, NULL, NULL, '0'),
	(82, 'miguelscordamaglia', 'miguelscordamaglia', 'Miguel', 'Scordamaglia', NULL, NULL, 'Torino', 'Torino', 'Piemonte', NULL, NULL, NULL, '0'),
	(83, 'sergiogandellini', 'sergiogandellini', 'Sergio', 'Gandellini', NULL, NULL, 'Brescia', 'Brescia', 'Lombardia', NULL, NULL, NULL, '0'),
	(84, 'pierpaoloilluzzi', 'pierpaoloilluzzi', 'Pierpaolo', 'Illuzzi', NULL, NULL, 'Cisterna di Latina', 'Latina', 'Lazio', NULL, NULL, NULL, '0'),
	(85, 'francescorizzi', 'francescorizzi', 'Francesco', 'Rizzi', '', '', 'Bergamo', 'Bergamo', 'Lombardia', '', '', '', '0'),
	(86, 'aldomainini', 'aldomainini', 'Aldo', 'Mainini', NULL, NULL, 'Magenta', 'Milano', 'Lombardia', NULL, NULL, NULL, '0'),
	(87, 'antoninolibrizzi', 'antoninolibrizzi', 'Antonino', 'Librizzi', '', '', 'Capo d\'Orlando', 'Messina', 'Sicilia', '', '', '', '0'),
	(88, 'fabriziocamani', 'fabriziocamani', 'Fabrizio', 'Camani', '', '', 'Torino', 'Torino', 'Piemonte', NULL, NULL, NULL, '0'),
	(89, 'saveriomorlino', 'saveriomorlino', 'Saverio', 'Morlino', NULL, NULL, 'Osnago', 'Lecco', 'Lombardia', NULL, NULL, NULL, '0'),
	(90, 'stefanoantonini', 'stefanoantonini', 'Stefano', 'Antonini', NULL, NULL, 'Terni', 'Terni', 'Umbria', NULL, NULL, NULL, '0'),
	(91, 'carmelobaretti', 'carmelobaretti', 'Carmelo', 'Baretti', NULL, NULL, 'Bergamo', 'Bergamo', 'Lombardia', NULL, NULL, NULL, '0'),
	(92, 'gianpaolocastelli', 'gianpaolocastelli', 'Gianpaolo', 'Castelli', NULL, NULL, 'Bergamo', 'Bergamo', 'Lombardia', NULL, NULL, NULL, '0'),
	(93, 'danieleferrerio', 'danieleferrerio', 'Daniele Enrico Maria', 'Ferrerio', '', '', 'Monza', 'Monza', 'Lombardia', NULL, NULL, NULL, '0'),
	(94, 'gaetanogennuso', 'gaetanogennuso', 'Gaetano', 'Gennuso', NULL, NULL, 'Caltavuturo', 'Palermo', 'Sicilia', NULL, NULL, NULL, '0'),
	(95, 'saragasparini', 'saragasparini', 'Sara', 'Gasparini', NULL, NULL, 'Reggio Emilia', 'Reggio Emilia', 'Emilia Romagna', NULL, NULL, NULL, '0'),
	(96, 'marialuisarozzi', 'marialuisarozzi', 'Marialuisa', 'Rozzi', NULL, NULL, 'Reggio Emilia', 'Reggio Emilia', 'Emilia Romagna', NULL, NULL, NULL, '0'),
	(97, 'riccardinazingaro', 'riccardinazingaro', 'Riccardina', 'Zingaro', NULL, NULL, 'Andria', 'Barletta Andria Trani', 'Puglia', NULL, NULL, NULL, '0'),
	(98, 'marcovalori', 'marcovalori', 'Marco', 'Valori', NULL, NULL, 'Pisa', 'Pisa', 'Toscana', NULL, NULL, NULL, '0'),
	(99, 'idettacincinelli', 'idettacincinelli', 'Idetta', 'Cincinelli', '', '', 'Capolona', 'Aerezzo', 'Toscana', NULL, NULL, NULL, '0'),
	(100, 'luigipappalardo', 'luigipappalardo', 'Luigi', 'Pappalardo', NULL, NULL, 'Livorno', 'Livorno', 'Toscana', NULL, NULL, NULL, '0'),
	(101, 'brunosallemi', 'brunosallemi', 'Bruno', 'Sallemi', NULL, NULL, 'Vittoria', 'Ragusa', 'Sicilia', NULL, NULL, NULL, '0'),
	(102, 'marcellosallemi', 'marcellosallemi', 'Marcello', 'Sallemi', NULL, NULL, 'Vittoria', 'Ragusa', 'Sicilia', NULL, NULL, NULL, '0'),
	(103, 'davidepalazzolo', 'davidepalazzolo', 'Davide', 'Palazzolo', NULL, NULL, 'Vittoria', 'Ragusa', 'Sicilia', NULL, NULL, NULL, '0'),
	(104, 'lucafrancoperetto', 'lucafrancoperetto', 'Luca Franco', 'Peretto', NULL, NULL, 'Rivalta di Torino', 'Torino', 'Piemonte', NULL, NULL, NULL, '0'),
	(105, 'giovannidifino', 'giovannidifino', 'Giovanni Michele ', 'Difino', '', '', 'Noicatttaro', 'Bari', 'Puglia', NULL, NULL, NULL, '0'),
	(106, 'giulianodifrancesco', 'giulianodifrancesco', 'Giuliano', 'Di Francesco', '', '', 'Spoltore', 'Pescara', 'Abruzzo', NULL, NULL, NULL, '0'),
	(107, 'marcopinna', 'marcopinna', 'Marco', 'Pinna', '', '', 'Cagliari', 'Cagliari', 'Sardegna', NULL, NULL, NULL, '0'),
	(108, 'filippobergamino', 'filippobergamino', 'Filippo', 'Bergamino', '', '', 'Milano', 'Milano', 'Lombardia', NULL, NULL, NULL, '0'),
	(109, 'lianarotariu', 'lianarotariu', 'Liana Gabriela', 'Rotariu', '', '', 'Torino', 'Torino', 'Piemonte', NULL, NULL, NULL, '0'),
	(110, 'annamariapietroforte', 'annamariapietroforte', 'Annamaria ', 'Pietroforte', '', '', 'Acquaviva delle Fonti', 'Bari', 'Puglia', '', '', '', '0'),
	(111, 'lucamochi', 'lucamochi', 'Luca', 'Mochi', '', '', 'Anguillara Sabazia', 'Roma', 'lazio', NULL, NULL, NULL, '0'),
	(112, 'gianlucaiacobucci', 'gianlucaiacobucci', 'Gianluca', 'Iacobucci', '', '', 'Pescara', 'Pescara', 'Abruzzo', NULL, NULL, NULL, '0'),
	(113, 'guidonovelli', 'guidonovelli', 'Guido', 'Novelli', '', '', 'Roma', 'Roma', 'Lazio', NULL, NULL, NULL, '0'),
	(114, 'danielelusignani', 'danielelusignani', 'Daniele', 'Lusignani', '', '', 'Parma', 'Parma', 'Emilia Romagna', NULL, NULL, NULL, '0'),
	(115, 'paololuretti', 'paololuretti', 'Paola', 'Luretti', '', '', 'Roma', 'Roma', 'Lazio', '', '', '', '0'),
	(116, 'davidescandaletti', 'davidescandaletti', 'Davide', 'Scandaletti', '', '', 'Padova', 'Padova', 'Veneto', NULL, NULL, NULL, '0'),
	(117, 'francescamondi', 'francescamondi', 'Francesca', 'Mondi', '', '', 'Cernusco sul Naviglio', 'Milano', 'Lombardia', NULL, NULL, NULL, '0'),
	(118, 'giuseppeciarlone', 'giuseppeciarlone', 'Giuseppe', 'Ciarlone', 'g.ciarlone@studiobottarieassocaiti.it', '06 - 3232570', 'Roma', 'Roma', 'Lazio', NULL, NULL, NULL, '0'),
	(119, 'fabioconsorti', 'fabioconsorti', 'Fabio', 'Consorti', '', '', 'Pinerolo', 'Torino', 'Piemonte', NULL, NULL, NULL, '0'),
	(120, 'robertomauro', 'robertomauro', 'Roberto', 'Mauro', '', '', 'Udine', 'Udine', 'Friuli Venezia Giulia', NULL, NULL, NULL, '0'),
	(121, 'alessandrofesti', 'alessandrofesti', 'Alessandro', 'Festi', 'info@festistudio.com', '0461724133', 'Caldonazzo', 'Trento', 'Trentino Alto Adige', NULL, NULL, NULL, '0'),
	(122, 'simonemoro', 'simonemoro', 'Simone', 'Moro', 'Pordenone', 's.moro@areaprofessioni.pn.it', 'Pordenone', 'Pordenone', 'Friuli Venezia Giulia', NULL, NULL, NULL, '0'),
	(123, 'claudiopucci', 'claudiopucci', 'Claudio', 'Pucci', 'info@studiopucci.com', '058445228', 'Viareggio', 'Lucca', 'Toscana', NULL, NULL, NULL, '0'),
	(124, 'jacopopucci', 'jacopopucci', 'Jacopo', 'Pucci', 'info@studiopucci.com', '058445228', 'Viareggio', 'Lucca', 'Toscana', NULL, NULL, NULL, '0'),
	(125, 'claudiapucci', 'claudiapucci', 'Claudia', 'Pucci', 'info@studiopucci.com', '058445228', 'Viareggio', 'Lucca', 'Toscana', NULL, NULL, NULL, '0'),
	(126, 'leonardonardella', 'leonardonardella', 'Leonardo', 'Nardella', '', '', 'Pescara', 'Pescara', 'Abruzzo', NULL, NULL, NULL, '0'),
	(127, 'grazianotaramasso', 'grazianotaramasso', 'Graziano', 'Taramasso', 'gt@duetstudio.it', '0182591803', 'Albenga', 'Savona', 'Liguria', NULL, NULL, NULL, '0'),
	(128, 'dariotaramasso', 'dariotaramasso', 'Dario', 'Taramasso', 'gt@duetstudio.it', '0182591803', 'Albenga', 'Savona', 'Liguria', NULL, NULL, NULL, '0'),
	(129, 'giulianoravasio', 'giulianoravasio', 'Giuliano', 'Ravasio', 'g.ravasio@studioravasio.it', '0432481366', 'Udine', 'Udine', 'Friuli Venezia Giulia', NULL, NULL, NULL, '0'),
	(130, 'marcopierluca', 'marcopierluca', 'Marco', 'Pierluca', 'marco.pier@alice.it', '07163757', 'Senigallia', 'Ancona', 'Marche', NULL, NULL, NULL, '0'),
	(131, 'antoniocavazzini', 'antoniocavazzini', 'Antonio', 'Cavazzini', 'a.speranza@losicavazzini.it', '0521776304', 'Parma', 'Parma', 'Emilia Romagna', NULL, NULL, NULL, '0'),
	(132, 'robertorandazzo', 'robertorandazzo', 'Roberto', 'Randazzo', 'roberto.randazzo@edsservizi.it', '0687645096', 'Bracciano', 'Roma', 'Lazio', NULL, NULL, NULL, '0'),
	(133, 'gianninerone', 'gianninerone', 'Gianni', 'Nerone', 'neroneg@studionerone.it', '0690024482', 'Fontenuova', 'Roma', 'Lazio', NULL, NULL, NULL, '0'),
	(134, 'luciabenetti', 'luciabenetti', 'Lucia', 'Benetti', 'info@studioluciabenetti.it', '0498740586', 'Casalserugo', 'Padova', 'Veneto', NULL, NULL, NULL, '0'),
	(136, 'alessionapoletani', 'alessionapoletani', 'Alessio', 'Napoletani', 'alessio@studionapoletani.com', '', 'Grottammare', 'Ascoli Piceno', 'Marche', NULL, NULL, NULL, '0'),
	(138, 'elisabettapulcinelli', 'elisabettapulcinelli', 'Elisabetta', 'Pulcinelli', 'e.pulcinelli@studiopulcinelli.it', '0758004718', 'Bastia Umbra', 'Perugia', 'Umbria', NULL, NULL, NULL, '0'),
	(139, 'andreapulcinelli', 'andreapulcinelli', 'Andrea', 'Pulcinelli', 'a.pulcinelli@studiopulcinelli.it', '0758004718', 'Bastia Umbra', 'Perugia', 'Umbria', NULL, NULL, NULL, '0'),
	(140, 'albertotripoli', 'albertotripoli', 'Alberto', 'Tripoli', 'consulenza@eaenterprisesrls.eu', '03519966625', 'Bergamo', 'Bergamo', 'Lombardia', NULL, NULL, NULL, '0'),
	(141, 'emiliotasca', 'emiliotasca', 'Emilio', 'Tasca', 'emilio.tasca@cedat.net', '0932862404', 'Vittoria', 'Ragusa', 'Sicilia', NULL, NULL, NULL, '0'),
	(142, 'giovannifrasca', 'giovannifrasca', 'Giovanni', 'Frasca', 'info@frascaconsulting.it', '0932989976', 'Acate', 'Ragusa', 'Sicilia', NULL, NULL, NULL, '0'),
	(143, 'maurizodelia', 'maurizodelia', 'Maurizio', 'D\'elia', 'studiodelia@virgilio.it', '0828368343', 'Eboli', 'Salerno', 'Campania', NULL, NULL, NULL, '0'),
	(144, 'lucagiancarli', 'lucagiancarli', 'Luca', 'Giancarli', 'luca.giancarli@studiosanmichele.it', '0712417441', 'Falconara Marittima', 'Ancona', 'Marche', NULL, NULL, NULL, '0'),
	(145, 'sergiodigleria', 'sergiodigleria', 'Sergio', 'Di Gleria', 'digleriaconsulting@libero.it', '', 'Montecatini Terme', 'Pistoia', 'Toscana', NULL, NULL, NULL, '0'),
	(146, 'robertodiaferia', 'robertodiaferia', 'Roberto', 'Diaferia', 'r.diaferia@novacons.net', '0236518086', 'Milano', 'Milano', 'Lombardia', '', '', '', '0'),
	(147, 'giorgionorcia', 'giorgionorcia', 'Giorgio Adeodato', 'Norcia', '', '', 'Terni', 'Terni', 'Umbria', '', '', '', '0'),
	(148, 'robertoguidi', 'robertoguidi', 'Roberto', 'Guidi', '', '', 'Ferrara', 'Ferrara', 'Emilia Romagna', '', '', '', '0'),
	(149, 'carlogiai', 'carlogiai', 'Carlo Giovanni ', 'Giai', '', '', 'Porte', 'Torino', 'Piemonte', '', '', '', '0'),
	(150, 'FabioMazzocchi', 'FMcoiefkvsd90f90f90efj', 'Fabio', 'Mazzocchi', '', '', 'Terni', 'Terni', 'Umbria', '', '', '', '0'),
	(151, 'MarcoBonfiglio', '8092fhhf3evdvwsfge', 'Marco', 'Bonfiglio', '', '', 'Pisa', 'Pisa', 'Toscana', '', '', '', '0'),
	(152, 'carmelamartino', 'carmelamartino', 'Carmela', 'Martino', '', '', 'Reggio Calabria', 'Reggio Calabria', 'Calabria', '', '', '', '0'),
	(153, 'laurapozzi', 'laurapozzi', 'Laura', 'Pozzi', '', '', 'Cernusco sul Naviglio', 'Milano', 'Lombardia', '', '', '', '0'),
	(154, 'cristinadelgrosso', 'cristinadelgrosso', 'Cristina', 'Del Grosso', '', '', 'Cremona', 'Cremona', 'Lombardia', '', '', '', '0'),
	(155, 'fabiofavino', 'fabiofavino', 'Fabio', 'Favino', '', '', 'Foggia', 'Foggia', 'Puglia', '', '', '', '0'),
	(156, 'michele', 'moscetta123', 'Michele', '', NULL, NULL, NULL, NULL, NULL, NULL, NULL, NULL, '1'),
	(157, 'grazia', 'lambo', 'Grazia', 'Lambo', '', '', 'Trani', 'Barletta-Andria-Trani', 'Puglia', '', '', '', '0'),
	(158, 'giovanni', 'pezzano', 'Giovanni ', 'Pezzano', 'giovanni@studiopezzano.it', '3355485597', 'Fiumicino', 'Roma', 'Lazio', '', '', '', '0'),
	(159, 'francesco', 'celiento', 'Francesco', 'Celiento', 'decimaconsulting@gmail.com', '3396603028', 'Napoli', 'Napoli', 'Campania', '', '', '', '0'),
	(160, 'Heros', 'Gaballo', 'Heros', 'Gaballo', 'heros.gaballo@gmail.com', '3929816081', 'Milano', 'Milano', 'Lombardia', '', '', '', '0'),
	(161, 'giorgio', 'diversi', 'Giorgio', 'Diversi', ' giorgio.diversi@studiodiversi.it', '3474836087', 'Portoferraio', 'Livorno', 'Toscana', '', '', '', '0'),
	(162, 'daniele', 'brunelli', 'Daniele', 'Brunelli', '', '', 'Firenze', 'Firenze', 'Toscana', '', '', '', '0'),
	(163, 'rolando', 'gatto', 'Rolando', 'Gatto', '', '', 'Oderzo', 'Treviso', 'Veneto', '', '', '', '0'),
	(164, 'Agile ', 'Group srl', 'Ing. Andrea ', 'Olivero', '', '', 'Cuneo', 'Cuneo', 'Piemonte', '', '', '', '0'),
	(165, 'nicola', 'cavaccini', 'Nicola', 'Cavaccini', '', '', 'Napoli', 'Napoli', 'Campania', '', '', '', '0'),
	(166, 'cristiano', 'avino', 'Cristiano', 'Avino', '', '', 'Napoli', 'Napoli', 'Campania', '', '', '', '0'),
	(167, 'genny', 'russo', 'Genny', 'Russo', '', '', 'Napoli', 'Napoli', 'Campania', '', '', '', '0'),
	(168, 'gianluca ', 'spadaccia', 'Gianluca', 'Spadaccia', '', '', 'Latina', 'Latina', 'Lazio', '', '', '', '0'),
	(170, 'enrico', 'pappalardo', 'Enrico', 'Pappalardo', '', '', 'Livorno', 'Livorno', 'Toscana', '', '', '', '0'),
	(171, 'giovannitrifoglio', 'giovannitrifoglio', 'Giovanni', 'Trifoglio', '', '', 'Policoro', 'Matera', 'Basilicata', '', '', '', '0'),
	(172, 'albertogoffy', 'goffyalberto', 'Alberto', 'Goffy', '', '', 'Rivalta Bormida', 'Alessandria', 'Piemonte', '', '', '', '0'),
	(173, 'giuseppesalvato', 'salvatogiuseppe', 'Giuseppe', 'Salvato', '', '', 'Foggia', 'Foggia', 'Puglia', '', '', '', '0'),
	(174, 'marcoravanelli', 'ravanellimarco', 'Marco ', 'Ravanelli', '', '', 'Orvieto', 'Terni', 'Umbria', '', '', '', '0'),
	(175, 'pasqualecirigliano', 'ciriglianopasquale', 'Pasquale', 'Cirigliano', '', '', 'Milano', 'Milano', 'Lombardia', '', '', '', '0'),
	(176, 'danielasalini', 'salinidaniela', 'Daniela', 'Salini', '', '', 'Scorzè', 'Venezia', 'Veneto', '', '', '', '0'),
	(177, 'cosimopanico', 'panicocosimo', 'Cosimo', 'Panico', '', '', 'Campagna', 'Salerno', 'Campania', '', '', '', '0'),
	(178, 'olivierobagnaresi', 'bagnaresioliviero', 'Oliviero', 'Bagnaresi', '', '', 'Riolo Terme', 'Ravenna', 'Emilia Romagna', '', '', '', '0'),
	(179, 'salvatoretommasi', 'tommasisalvatore', 'Salvatore', 'Tommasi', '', '', 'Siracusa', 'Siracusa', 'Sicilia', '', '', '', '0'),
	(180, 'andreacasadei', 'casadeiandrea', 'Andrea', 'Casadei', '', '', 'Millano', 'Milano', 'Lombardia', '', '', '', '0'),
	(181, 'renatacoluccio', 'colucciorenata', 'Renata', 'Coluccio', '', '', 'Opera', 'Milano', 'Lombardia', '', '', '', '0'),
	(182, 'opensrl', 'srlopen', 'Open ', 'srl', '', '', 'Torino', 'Torino', 'Piemonte', '', '', '', '0'),
	(183, 'brunogiuseppemorabito', 'morabitobrunogiuseppe', 'Bruno Giuseppe', 'Morabito', '', '', 'Reggio Calabria', 'Reggio Calabria', 'Calabria', '', '', '', '0'),
	(184, 'giovannischepis', 'schepisgiovanni', 'Giovanni', 'Schepis', '', '', 'Mesero', 'Milano', 'Lombardia', '', '', '', '0'),
	(185, 'andreaboccaccio', 'boccaccioandrea', 'Andrea', 'Boccaccio', '', '', 'Genova', 'Genova', 'Liguria', '', '', '', '0'),
	(186, 'studiosinopoli', 'sinopolistudio', 'Studio', 'Sinopoli', '', '', 'Roma', 'Roma', 'Lazio', '', '', '', '0'),
	(187, 'osvaldogiampaoli', 'giampaoliosvaldo', 'Osvaldo', 'Giampaoli', '', '', 'Pesaro', 'Pesaro', 'Marche', '', '', '', '0'),
	(188, 'ettoregrazioso', 'graziosoettore', 'Ettore', 'Grazioso', '', '', 'San Martino in Pensilis', 'Campobasso', 'Molise', '', '', '', '0'),
	(189, 'annaritasalvatorelli', 'salvatorelliannarita', 'Annarita', 'Salvatorelli', '', '', 'Gemona del Friuli', 'Udine', 'Friuli Venezia Giulia', '', '', '', '0'),
	(190, 'studioassociato', 'bassodebortolizambelli', 'Studio Associato', 'Basso-De Bortoli-Zambelli', '', '', 'Verona', 'Verona', 'Veneto', '', '', '', '0'),
	(191, 'santoferri', 'ferrisanto', 'Santo', 'Ferri', '', '', 'Ghedi', 'Brescia', 'Lombardia', '', '', '', '0'),
	(192, 'francescopozzoli', 'pozzolifrancesco', 'Francesco ', 'Pozzoli', '', '', 'Desio', 'Milano', 'Lombardia', '', '', '', '0'),
	(193, 'lucalanteri', 'lanteriluca', 'Luca ', 'Lanteri', '', '', 'Arma di Taggia', 'Imperia', 'Liguria', '', '', '', '0'),
	(194, 'manuelamancini', 'mancinimanuela', 'Manuela', 'Mancini', '', '', 'Torino', 'Torino', 'Piemonte', '', '', '', '0'),
	(195, 'elenamancini', 'mancinielena', 'Elena ', 'Mancini', '', '', 'Torino', 'Torino', 'Piemonte', '', '', '', '0'),
	(196, 'rosellaquacquarini', 'quacquarinirosella', 'Rosella', 'Quacquarini', '', '', 'Roma', 'Roma', 'Lazio', '', '', '', '0'),
	(197, 'rosariodentamaro', 'dentamarorosario', 'Rosario ', 'Dentamaro', '', '', 'Sarnico ', 'Bergamo', 'Lombardia', '', '', '', '0'),
	(198, 'omarmelzi', 'melziomar', 'Omar', 'Melzi', '', '', 'Curno', 'Bergamo', 'Lombardia', '', '', '', '0'),
	(199, 'domenicosilvestri', 'silvestridomenico', 'Domenico', 'Silvestri', '', '', 'Gravina in Puglia', 'Bari', 'Puglia', '', '', '', '0'),
	(200, 'catiabonetti', 'bonetticatia', 'Catia', 'Bonetti', '', '', 'San Giovanni in Persiceto', 'Bologna', 'Emilia Romagna', '', '', '', '0'),
	(201, 'guglielmooliverio', 'oliverioguglielmo', 'Guglielmo', 'Oliverio', '', '', 'Milano', 'Milano', 'Lombardia', '', '', '', '0'),
	(202, 'davidetedeschi', 'tedeschidavide', 'Davide ', 'Tedeschi', '', '', 'Roma', 'Roma', 'Lazio', '', '', '', '0'),
	(203, 'marcorandazzo', 'randazzomarco', 'Marco ', 'Randazzo', '', '', 'Sarnico', 'Bergamo', 'Lombardia', '', '', '', '0'),
	(204, 'andreaolivero', 'oliveroandrea', 'Agile ', 'Group srl', '', '', 'Cuneo', 'Cuneo', 'Piemonte', '', '', '', '0'),
	(205, 'sarahcapponi', 'capponi sarah', 'Sarah', 'Capponi', '', '', 'fermo', 'Fermo', 'Marche', '', '', '', '0'),
	(206, 'leonardozappanico', 'zappanicoleonardo', 'Leonardo', 'Zappanico', '', '', 'Filottrano', 'Ancona', 'Marche', '', '', '', '0'),
	(207, 'angeloromagnoli', 'romagnoliangelo', 'Angelo', 'Romagnoli', '', '', 'Atessa', 'Chieti', 'Abruzzo', '', '', '', '0'),
	(208, 'alessandroguidotti', 'guidottialessandro', 'Alessandro', 'Guidotti', '', '', 'Roma', 'Roma', 'Lazio', '', '', '', '0'),
	(209, 'consultasrlstp', 'srlstpconsulta', 'Consulta ', 'Srl Stp', '', '', 'Verona', 'Verona', 'Veneto', '', '', '', '0'),
	(210, 'pietropalombi', 'palombipietro', 'Pietro', 'Palombi', '', '', 'Latina', 'Latina', 'Lazio', '', '', '', '0'),
	(213, 'test1', 'test1', 'test1', 'Corona1', 'test1@test.com', '001', 'test1', 'test1', 'Basilicata', '1', '1', 'Calabria', '0');
/*!40000 ALTER TABLE `user` ENABLE KEYS */;

/*!40101 SET SQL_MODE=IFNULL(@OLD_SQL_MODE, '') */;
/*!40014 SET FOREIGN_KEY_CHECKS=IFNULL(@OLD_FOREIGN_KEY_CHECKS, 1) */;
/*!40101 SET CHARACTER_SET_CLIENT=@OLD_CHARACTER_SET_CLIENT */;
/*!40111 SET SQL_NOTES=IFNULL(@OLD_SQL_NOTES, 1) */;
